,Él,decidió,ser,profesor.
And,0.20713236927986145,0.4865275025367737,0.16432249546051025,0.142017662525177
he,0.30312860012054443,0.5194683074951172,0.10664491355419159,0.070758156478405
decided,0.08690613508224487,0.7930282354354858,0.10819553583860397,0.011870208196341991
to,0.07818417251110077,0.044898588210344315,0.6570319533348083,0.21988531947135925
be,0.0005752709694206715,0.04193839803338051,0.5356917381286621,0.4217946231365204
a,0.0002136031980626285,0.0025114614982157946,0.0046350955963134766,0.9926398992538452
teacher.,5.708235676138429e-06,0.00018849722982849926,0.001188327674753964,0.99861741065979
</s>,0.007191084790974855,0.017070015892386436,0.21964944899082184,0.7560895085334778
